{
    "frame_0.jpg": [
        {
            "x": 584,
            "y": 22.239578247070312,
            "width": 190,
            "height": 405,
            "class": "jay"
        },
        {
            "x": 415,
            "y": 13.239578247070312,
            "width": 169,
            "height": 422,
            "class": "jay"
        }
    ],
    "frame_13.jpg": [
        {
            "x": 196,
            "y": 145.2395782470703,
            "width": 148,
            "height": 294,
            "class": "person"
        },
        {
            "x": 444,
            "y": 145.2395782470703,
            "width": 136,
            "height": 64,
            "class": "helmet"
        },
        {
            "x": 272,
            "y": 373.2395782470703,
            "width": 122,
            "height": 70,
            "class": "phone"
        }
    ]
}